INSERT INTO Groups (group_id, group_name) VALUES (1, 'BR-94');
INSERT INTO Groups (group_id, group_name) VALUES (2, 'HW-25');
INSERT INTO Groups (group_id, group_name) VALUES (3, 'TY-62');
INSERT INTO Groups (group_id, group_name) VALUES (4, 'WO-86');
INSERT INTO Groups (group_id, group_name) VALUES (5, 'FH-33');
INSERT INTO Groups (group_id, group_name) VALUES (6, 'TQ-65');
INSERT INTO Groups (group_id, group_name) VALUES (7, 'DO-08');
INSERT INTO Groups (group_id, group_name) VALUES (8, 'LW-29');
INSERT INTO Groups (group_id, group_name) VALUES (9, 'ZN-45');
INSERT INTO Groups (group_id, group_name) VALUES (10, 'WK-56');
INSERT INTO Courses (course_id, course_name, course_description)
 VALUES (1, 'Economics', 'How to be thrifty');INSERT INTO Courses (course_id, course_name, course_description)
 VALUES (2, 'Politics', 'Basics of corruption');INSERT INTO Courses (course_id, course_name, course_description)
 VALUES (3, 'Computer science', 'Where is Ctrl+Alt+Delete located?');INSERT INTO Courses (course_id, course_name, course_description)
 VALUES (4, 'Physics', 'Freaking apple falls again and again');INSERT INTO Courses (course_id, course_name, course_description)
 VALUES (5, 'Math', 'Calculate how much you body costs');INSERT INTO Courses (course_id, course_name, course_description)
 VALUES (6, 'Law', 'How to get away with whore murder');INSERT INTO Courses (course_id, course_name, course_description)
 VALUES (7, 'Biology', 'Pistils and stamens');INSERT INTO Courses (course_id, course_name, course_description)
 VALUES (8, 'History', '2000 years of ignorance');INSERT INTO Courses (course_id, course_name, course_description)
 VALUES (9, 'Philosophy', 'Whatever you say');INSERT INTO Courses (course_id, course_name, course_description)
 VALUES (10, 'Astronomy', 'Freaking aliens, come and get me out!');INSERT INTO students (student_id, first_name, last_name, group_id) VALUES (1, 'Oliver', 'Campbell', 3);
INSERT INTO students (student_id, first_name, last_name, group_id) VALUES (2, 'Noah', 'Johnson', 8);
INSERT INTO students (student_id, first_name, last_name, group_id) VALUES (3, 'Mia', 'Burke', 10);
INSERT INTO students (student_id, first_name, last_name, group_id) VALUES (4, 'Ava', 'Rodriguez', 10);
INSERT INTO students (student_id, first_name, last_name, group_id) VALUES (5, 'William', 'Sullivan', 7);
INSERT INTO students (student_id, first_name, last_name, group_id) VALUES (6, 'Noah', 'Thompson', 5);
INSERT INTO students (student_id, first_name, last_name, group_id) VALUES (7, 'Liam', 'Garcia', 10);
INSERT INTO students (student_id, first_name, last_name) VALUES (8, 'Mason', 'Thompson');
INSERT INTO students (student_id, first_name, last_name, group_id) VALUES (9, 'Charlotte', 'Gregory', 10);
INSERT INTO students (student_id, first_name, last_name, group_id) VALUES (10, 'Ava', 'Mullin', 7);
INSERT INTO students (student_id, first_name, last_name, group_id) VALUES (11, 'Benjamin', 'Thompson', 7);
INSERT INTO students (student_id, first_name, last_name, group_id) VALUES (12, 'Oliver', 'Brown', 7);
INSERT INTO students (student_id, first_name, last_name, group_id) VALUES (13, 'Benjamin', 'King', 8);
INSERT INTO students (student_id, first_name, last_name, group_id) VALUES (14, 'Logan', 'Martinez', 2);
INSERT INTO students (student_id, first_name, last_name, group_id) VALUES (15, 'Mason', 'Jones', 4);
INSERT INTO students (student_id, first_name, last_name, group_id) VALUES (16, 'Evelyn', 'Wilson', 7);
INSERT INTO students (student_id, first_name, last_name, group_id) VALUES (17, 'Elijah', 'Perez', 4);
INSERT INTO students (student_id, first_name, last_name, group_id) VALUES (18, 'Sophia', 'Williams', 10);
INSERT INTO students (student_id, first_name, last_name, group_id) VALUES (19, 'Charlotte', 'Gregory', 10);
INSERT INTO students (student_id, first_name, last_name, group_id) VALUES (20, 'Isabella', 'Sullivan', 2);
INSERT INTO students (student_id, first_name, last_name, group_id) VALUES (21, 'Harper', 'Wilson', 2);
INSERT INTO students (student_id, first_name, last_name, group_id) VALUES (22, 'Elijah', 'Johnson', 7);
INSERT INTO students (student_id, first_name, last_name, group_id) VALUES (23, 'Isabella', 'Campbell', 10);
INSERT INTO students (student_id, first_name, last_name, group_id) VALUES (24, 'Amelia', 'Martinez', 10);
INSERT INTO students (student_id, first_name, last_name, group_id) VALUES (25, 'Oliver', 'Perez', 10);
INSERT INTO students (student_id, first_name, last_name, group_id) VALUES (26, 'Olivia', 'Campbell', 6);
INSERT INTO students (student_id, first_name, last_name, group_id) VALUES (27, 'Sophia', 'Williams', 5);
INSERT INTO students (student_id, first_name, last_name) VALUES (28, 'Isabella', 'Burke');
INSERT INTO students (student_id, first_name, last_name, group_id) VALUES (29, 'Harper', 'Brown', 5);
INSERT INTO students (student_id, first_name, last_name, group_id) VALUES (30, 'Amelia', 'Wilson', 6);
INSERT INTO students (student_id, first_name, last_name, group_id) VALUES (31, 'Emma', 'Smith', 8);
INSERT INTO students (student_id, first_name, last_name, group_id) VALUES (32, 'Elijah', 'Campbell', 7);
INSERT INTO students (student_id, first_name, last_name, group_id) VALUES (33, 'William', 'Brown', 5);
INSERT INTO students (student_id, first_name, last_name, group_id) VALUES (34, 'Amelia', 'Smith', 10);
INSERT INTO students (student_id, first_name, last_name, group_id) VALUES (35, 'Amelia', 'Gregory', 10);
INSERT INTO students (student_id, first_name, last_name, group_id) VALUES (36, 'Charlotte', 'Brown', 2);
INSERT INTO students (student_id, first_name, last_name, group_id) VALUES (37, 'Sophia', 'Brown', 2);
INSERT INTO students (student_id, first_name, last_name, group_id) VALUES (38, 'Sophia', 'Martinez', 7);
INSERT INTO students (student_id, first_name, last_name, group_id) VALUES (39, 'Sophia', 'Edwards', 3);
INSERT INTO students (student_id, first_name, last_name, group_id) VALUES (40, 'Isabella', 'Williams', 1);
INSERT INTO students (student_id, first_name, last_name, group_id) VALUES (41, 'Liam', 'Rodriguez', 4);
INSERT INTO students (student_id, first_name, last_name, group_id) VALUES (42, 'Harper', 'Lee', 2);
INSERT INTO students (student_id, first_name, last_name, group_id) VALUES (43, 'Liam', 'Williams', 5);
INSERT INTO students (student_id, first_name, last_name, group_id) VALUES (44, 'Elijah', 'Wilson', 2);
INSERT INTO students (student_id, first_name, last_name, group_id) VALUES (45, 'Amelia', 'Edwards', 8);
INSERT INTO students (student_id, first_name, last_name, group_id) VALUES (46, 'Ava', 'Wilson', 7);
INSERT INTO students (student_id, first_name, last_name, group_id) VALUES (47, 'Evelyn', 'Thompson', 4);
INSERT INTO students (student_id, first_name, last_name, group_id) VALUES (48, 'Emma', 'Brown', 3);
INSERT INTO students (student_id, first_name, last_name, group_id) VALUES (49, 'Benjamin', 'Perez', 6);
INSERT INTO students (student_id, first_name, last_name, group_id) VALUES (50, 'Sophia', 'Johnson', 6);
INSERT INTO students (student_id, first_name, last_name, group_id) VALUES (51, 'Mason', 'Campbell', 2);
INSERT INTO students (student_id, first_name, last_name, group_id) VALUES (52, 'Lucas', 'Jones', 7);
INSERT INTO students (student_id, first_name, last_name, group_id) VALUES (53, 'Elijah', 'Campbell', 4);
INSERT INTO students (student_id, first_name, last_name, group_id) VALUES (54, 'James', 'Johnson', 10);
INSERT INTO students (student_id, first_name, last_name, group_id) VALUES (55, 'Oliver', 'Rodriguez', 6);
INSERT INTO students (student_id, first_name, last_name) VALUES (56, 'Emma', 'Martinez');
INSERT INTO students (student_id, first_name, last_name, group_id) VALUES (57, 'Benjamin', 'Edwards', 3);
INSERT INTO students (student_id, first_name, last_name, group_id) VALUES (58, 'Olivia', 'Burke', 5);
INSERT INTO students (student_id, first_name, last_name, group_id) VALUES (59, 'James', 'Hayden', 1);
INSERT INTO students (student_id, first_name, last_name, group_id) VALUES (60, 'Emma', 'Jones', 1);
INSERT INTO students (student_id, first_name, last_name, group_id) VALUES (61, 'Elijah', 'Lee', 7);
INSERT INTO students (student_id, first_name, last_name, group_id) VALUES (62, 'Liam', 'Campbell', 2);
INSERT INTO students (student_id, first_name, last_name, group_id) VALUES (63, 'Emma', 'Brown', 1);
INSERT INTO students (student_id, first_name, last_name, group_id) VALUES (64, 'Isabella', 'Garcia', 10);
INSERT INTO students (student_id, first_name, last_name, group_id) VALUES (65, 'Oliver', 'Sullivan', 2);
INSERT INTO students (student_id, first_name, last_name, group_id) VALUES (66, 'Mia', 'Lee', 7);
INSERT INTO students (student_id, first_name, last_name, group_id) VALUES (67, 'Isabella', 'Wilson', 4);
INSERT INTO students (student_id, first_name, last_name, group_id) VALUES (68, 'Amelia', 'Wilson', 3);
INSERT INTO students (student_id, first_name, last_name, group_id) VALUES (69, 'James', 'Thompson', 6);
INSERT INTO students (student_id, first_name, last_name, group_id) VALUES (70, 'Olivia', 'Garcia', 4);
INSERT INTO students (student_id, first_name, last_name, group_id) VALUES (71, 'Mason', 'Johnson', 6);
INSERT INTO students (student_id, first_name, last_name, group_id) VALUES (72, 'James', 'Hayden', 7);
INSERT INTO students (student_id, first_name, last_name, group_id) VALUES (73, 'Elijah', 'Smith', 6);
INSERT INTO students (student_id, first_name, last_name, group_id) VALUES (74, 'Mia', 'Lee', 8);
INSERT INTO students (student_id, first_name, last_name, group_id) VALUES (75, 'Liam', 'Mullin', 5);
INSERT INTO students (student_id, first_name, last_name, group_id) VALUES (76, 'Emma', 'Sullivan', 8);
INSERT INTO students (student_id, first_name, last_name, group_id) VALUES (77, 'Elijah', 'Johnson', 2);
INSERT INTO students (student_id, first_name, last_name, group_id) VALUES (78, 'Oliver', 'Wilson', 7);
INSERT INTO students (student_id, first_name, last_name) VALUES (79, 'Olivia', 'King');
INSERT INTO students (student_id, first_name, last_name, group_id) VALUES (80, 'William', 'Edwards', 8);
INSERT INTO students (student_id, first_name, last_name) VALUES (81, 'James', 'Burke');
INSERT INTO students (student_id, first_name, last_name, group_id) VALUES (82, 'Logan', 'Johnson', 10);
INSERT INTO students (student_id, first_name, last_name, group_id) VALUES (83, 'Amelia', 'Rodriguez', 3);
INSERT INTO students (student_id, first_name, last_name, group_id) VALUES (84, 'Amelia', 'Jones', 7);
INSERT INTO students (student_id, first_name, last_name, group_id) VALUES (85, 'Sophia', 'Edwards', 10);
INSERT INTO students (student_id, first_name, last_name) VALUES (86, 'Noah', 'Hayden');
INSERT INTO students (student_id, first_name, last_name, group_id) VALUES (87, 'Sophia', 'Williams', 6);
INSERT INTO students (student_id, first_name, last_name, group_id) VALUES (88, 'Oliver', 'Jones', 7);
INSERT INTO students (student_id, first_name, last_name, group_id) VALUES (89, 'Mason', 'Wilson', 6);
INSERT INTO students (student_id, first_name, last_name, group_id) VALUES (90, 'Harper', 'Brown', 10);
INSERT INTO students (student_id, first_name, last_name, group_id) VALUES (91, 'Liam', 'Edwards', 5);
INSERT INTO students (student_id, first_name, last_name, group_id) VALUES (92, 'Harper', 'Lee', 4);
INSERT INTO students (student_id, first_name, last_name, group_id) VALUES (93, 'Noah', 'Williams', 3);
INSERT INTO students (student_id, first_name, last_name, group_id) VALUES (94, 'Noah', 'Sullivan', 10);
INSERT INTO students (student_id, first_name, last_name) VALUES (95, 'Liam', 'Martinez');
INSERT INTO students (student_id, first_name, last_name, group_id) VALUES (96, 'Evelyn', 'Smith', 10);
INSERT INTO students (student_id, first_name, last_name, group_id) VALUES (97, 'Charlotte', 'Perez', 2);
INSERT INTO students (student_id, first_name, last_name, group_id) VALUES (98, 'Logan', 'Garcia', 4);
INSERT INTO students (student_id, first_name, last_name, group_id) VALUES (99, 'Lucas', 'Hayden', 8);
INSERT INTO students (student_id, first_name, last_name, group_id) VALUES (100, 'Charlotte', 'Martinez', 7);
INSERT INTO students (student_id, first_name, last_name, group_id) VALUES (101, 'Ava', 'Rodriguez', 5);
INSERT INTO students (student_id, first_name, last_name, group_id) VALUES (102, 'Logan', 'Mullin', 4);
INSERT INTO students (student_id, first_name, last_name, group_id) VALUES (103, 'Mia', 'King', 8);
INSERT INTO students (student_id, first_name, last_name, group_id) VALUES (104, 'Lucas', 'Thompson', 5);
INSERT INTO students (student_id, first_name, last_name, group_id) VALUES (105, 'Noah', 'Johnson', 2);
INSERT INTO students (student_id, first_name, last_name, group_id) VALUES (106, 'James', 'Hayden', 4);
INSERT INTO students (student_id, first_name, last_name, group_id) VALUES (107, 'Olivia', 'Brown', 8);
INSERT INTO students (student_id, first_name, last_name, group_id) VALUES (108, 'Emma', 'Perez', 7);
INSERT INTO students (student_id, first_name, last_name, group_id) VALUES (109, 'Ava', 'Thompson', 2);
INSERT INTO students (student_id, first_name, last_name, group_id) VALUES (110, 'Liam', 'Hayden', 2);
INSERT INTO students (student_id, first_name, last_name, group_id) VALUES (111, 'Isabella', 'Martinez', 2);
INSERT INTO students (student_id, first_name, last_name) VALUES (112, 'Sophia', 'Martinez');
INSERT INTO students (student_id, first_name, last_name, group_id) VALUES (113, 'Sophia', 'Wilson', 7);
INSERT INTO students (student_id, first_name, last_name, group_id) VALUES (114, 'Benjamin', 'Lee', 8);
INSERT INTO students (student_id, first_name, last_name, group_id) VALUES (115, 'Emma', 'Campbell', 6);
INSERT INTO students (student_id, first_name, last_name, group_id) VALUES (116, 'Lucas', 'Williams', 7);
INSERT INTO students (student_id, first_name, last_name, group_id) VALUES (117, 'William', 'Martinez', 2);
INSERT INTO students (student_id, first_name, last_name, group_id) VALUES (118, 'Emma', 'Jones', 2);
INSERT INTO students (student_id, first_name, last_name, group_id) VALUES (119, 'Charlotte', 'Campbell', 4);
INSERT INTO students (student_id, first_name, last_name, group_id) VALUES (120, 'Lucas', 'Rodriguez', 6);
INSERT INTO students (student_id, first_name, last_name, group_id) VALUES (121, 'Isabella', 'Hayden', 2);
INSERT INTO students (student_id, first_name, last_name, group_id) VALUES (122, 'Lucas', 'Burke', 1);
INSERT INTO students (student_id, first_name, last_name, group_id) VALUES (123, 'Mason', 'Johnson', 4);
INSERT INTO students (student_id, first_name, last_name) VALUES (124, 'Noah', 'King');
INSERT INTO students (student_id, first_name, last_name, group_id) VALUES (125, 'Liam', 'Campbell', 5);
INSERT INTO students (student_id, first_name, last_name) VALUES (126, 'Benjamin', 'Smith');
INSERT INTO students (student_id, first_name, last_name, group_id) VALUES (127, 'Charlotte', 'Mullin', 10);
INSERT INTO students (student_id, first_name, last_name) VALUES (128, 'Mason', 'King');
INSERT INTO students (student_id, first_name, last_name, group_id) VALUES (129, 'William', 'King', 10);
INSERT INTO students (student_id, first_name, last_name) VALUES (130, 'Noah', 'King');
INSERT INTO students (student_id, first_name, last_name, group_id) VALUES (131, 'Emma', 'Garcia', 4);
INSERT INTO students (student_id, first_name, last_name, group_id) VALUES (132, 'Charlotte', 'Williams', 3);
INSERT INTO students (student_id, first_name, last_name, group_id) VALUES (133, 'Charlotte', 'Edwards', 5);
INSERT INTO students (student_id, first_name, last_name, group_id) VALUES (134, 'William', 'Gregory', 3);
INSERT INTO students (student_id, first_name, last_name, group_id) VALUES (135, 'Isabella', 'Edwards', 2);
INSERT INTO students (student_id, first_name, last_name, group_id) VALUES (136, 'Noah', 'Johnson', 8);
INSERT INTO students (student_id, first_name, last_name, group_id) VALUES (137, 'Liam', 'Sullivan', 1);
INSERT INTO students (student_id, first_name, last_name, group_id) VALUES (138, 'Evelyn', 'Williams', 4);
INSERT INTO students (student_id, first_name, last_name) VALUES (139, 'Lucas', 'Gregory');
INSERT INTO students (student_id, first_name, last_name, group_id) VALUES (140, 'Liam', 'Perez', 10);
INSERT INTO students (student_id, first_name, last_name, group_id) VALUES (141, 'Lucas', 'Smith', 8);
INSERT INTO students (student_id, first_name, last_name, group_id) VALUES (142, 'Ava', 'Mullin', 8);
INSERT INTO students (student_id, first_name, last_name, group_id) VALUES (143, 'Amelia', 'Garcia', 6);
INSERT INTO students (student_id, first_name, last_name) VALUES (144, 'Evelyn', 'Brown');
INSERT INTO students (student_id, first_name, last_name, group_id) VALUES (145, 'Olivia', 'Martinez', 4);
INSERT INTO students (student_id, first_name, last_name) VALUES (146, 'Benjamin', 'Martinez');
INSERT INTO students (student_id, first_name, last_name, group_id) VALUES (147, 'William', 'Hayden', 2);
INSERT INTO students (student_id, first_name, last_name, group_id) VALUES (148, 'Noah', 'Perez', 1);
INSERT INTO students (student_id, first_name, last_name, group_id) VALUES (149, 'Evelyn', 'Burke', 6);
INSERT INTO students (student_id, first_name, last_name, group_id) VALUES (150, 'James', 'Jones', 1);
INSERT INTO students (student_id, first_name, last_name, group_id) VALUES (151, 'Liam', 'Mullin', 1);
INSERT INTO students (student_id, first_name, last_name, group_id) VALUES (152, 'James', 'Smith', 3);
INSERT INTO students (student_id, first_name, last_name, group_id) VALUES (153, 'Ava', 'Burke', 4);
INSERT INTO students (student_id, first_name, last_name, group_id) VALUES (154, 'Amelia', 'Lee', 8);
INSERT INTO students (student_id, first_name, last_name, group_id) VALUES (155, 'Emma', 'Edwards', 6);
INSERT INTO students (student_id, first_name, last_name, group_id) VALUES (156, 'Elijah', 'Hayden', 5);
INSERT INTO students (student_id, first_name, last_name, group_id) VALUES (157, 'Emma', 'Williams', 7);
INSERT INTO students (student_id, first_name, last_name) VALUES (158, 'Oliver', 'Burke');
INSERT INTO students (student_id, first_name, last_name, group_id) VALUES (159, 'Amelia', 'Smith', 3);
INSERT INTO students (student_id, first_name, last_name, group_id) VALUES (160, 'James', 'Burke', 2);
INSERT INTO students (student_id, first_name, last_name, group_id) VALUES (161, 'Benjamin', 'Jones', 2);
INSERT INTO students (student_id, first_name, last_name, group_id) VALUES (162, 'William', 'King', 10);
INSERT INTO students (student_id, first_name, last_name, group_id) VALUES (163, 'Amelia', 'Hayden', 7);
INSERT INTO students (student_id, first_name, last_name, group_id) VALUES (164, 'James', 'Lee', 4);
INSERT INTO students (student_id, first_name, last_name, group_id) VALUES (165, 'Mason', 'Mullin', 10);
INSERT INTO students (student_id, first_name, last_name, group_id) VALUES (166, 'Elijah', 'Jones', 4);
INSERT INTO students (student_id, first_name, last_name, group_id) VALUES (167, 'Benjamin', 'Smith', 4);
INSERT INTO students (student_id, first_name, last_name, group_id) VALUES (168, 'Evelyn', 'King', 6);
INSERT INTO students (student_id, first_name, last_name, group_id) VALUES (169, 'Isabella', 'Rodriguez', 6);
INSERT INTO students (student_id, first_name, last_name, group_id) VALUES (170, 'Isabella', 'Campbell', 5);
INSERT INTO students (student_id, first_name, last_name, group_id) VALUES (171, 'Olivia', 'Smith', 10);
INSERT INTO students (student_id, first_name, last_name, group_id) VALUES (172, 'James', 'Hayden', 10);
INSERT INTO students (student_id, first_name, last_name, group_id) VALUES (173, 'William', 'Garcia', 6);
INSERT INTO students (student_id, first_name, last_name, group_id) VALUES (174, 'Olivia', 'Gregory', 8);
INSERT INTO students (student_id, first_name, last_name, group_id) VALUES (175, 'Charlotte', 'Johnson', 10);
INSERT INTO students (student_id, first_name, last_name, group_id) VALUES (176, 'Harper', 'Lee', 6);
INSERT INTO students (student_id, first_name, last_name, group_id) VALUES (177, 'Elijah', 'Williams', 1);
INSERT INTO students (student_id, first_name, last_name, group_id) VALUES (178, 'Lucas', 'Rodriguez', 1);
INSERT INTO students (student_id, first_name, last_name, group_id) VALUES (179, 'Oliver', 'Burke', 10);
INSERT INTO students (student_id, first_name, last_name, group_id) VALUES (180, 'Oliver', 'Sullivan', 10);
INSERT INTO students (student_id, first_name, last_name, group_id) VALUES (181, 'Olivia', 'Garcia', 2);
INSERT INTO students (student_id, first_name, last_name, group_id) VALUES (182, 'Lucas', 'Edwards', 5);
INSERT INTO students (student_id, first_name, last_name, group_id) VALUES (183, 'Ava', 'Gregory', 2);
INSERT INTO students (student_id, first_name, last_name) VALUES (184, 'Oliver', 'Williams');
INSERT INTO students (student_id, first_name, last_name, group_id) VALUES (185, 'Olivia', 'Johnson', 3);
INSERT INTO students (student_id, first_name, last_name, group_id) VALUES (186, 'Amelia', 'Brown', 5);
INSERT INTO students (student_id, first_name, last_name) VALUES (187, 'Noah', 'Martinez');
INSERT INTO students (student_id, first_name, last_name, group_id) VALUES (188, 'Lucas', 'Thompson', 4);
INSERT INTO students (student_id, first_name, last_name, group_id) VALUES (189, 'Evelyn', 'Perez', 6);
INSERT INTO students (student_id, first_name, last_name, group_id) VALUES (190, 'Harper', 'Lee', 7);
INSERT INTO students (student_id, first_name, last_name) VALUES (191, 'Logan', 'King');
INSERT INTO students (student_id, first_name, last_name, group_id) VALUES (192, 'Evelyn', 'Gregory', 6);
INSERT INTO students (student_id, first_name, last_name, group_id) VALUES (193, 'Evelyn', 'Garcia', 2);
INSERT INTO students (student_id, first_name, last_name) VALUES (194, 'Ava', 'Perez');
INSERT INTO students (student_id, first_name, last_name, group_id) VALUES (195, 'Charlotte', 'Hayden', 3);
INSERT INTO students (student_id, first_name, last_name) VALUES (196, 'Oliver', 'Williams');
INSERT INTO students (student_id, first_name, last_name, group_id) VALUES (197, 'Oliver', 'Brown', 10);
INSERT INTO students (student_id, first_name, last_name, group_id) VALUES (198, 'Benjamin', 'Garcia', 3);
INSERT INTO students (student_id, first_name, last_name, group_id) VALUES (199, 'William', 'Hayden', 8);
INSERT INTO students (student_id, first_name, last_name, group_id) VALUES (200, 'Amelia', 'Sullivan', 4);
INSERT INTO StudentCourses(student_id, course_id) VALUES (1,  1);
INSERT INTO StudentCourses(student_id, course_id) VALUES (2,  4);
INSERT INTO StudentCourses(student_id, course_id) VALUES (3,  7);
INSERT INTO StudentCourses(student_id, course_id) VALUES (4,  6);
INSERT INTO StudentCourses(student_id, course_id) VALUES (5,  9);
INSERT INTO StudentCourses(student_id, course_id) VALUES (5,  3);
INSERT INTO StudentCourses(student_id, course_id) VALUES (6, 10);
INSERT INTO StudentCourses(student_id, course_id) VALUES (7,  2);
INSERT INTO StudentCourses(student_id, course_id) VALUES (8,  7);
INSERT INTO StudentCourses(student_id, course_id) VALUES (8,  6);
INSERT INTO StudentCourses(student_id, course_id) VALUES (8,  1);
INSERT INTO StudentCourses(student_id, course_id) VALUES (9,  9);
INSERT INTO StudentCourses(student_id, course_id) VALUES (10,  9);
INSERT INTO StudentCourses(student_id, course_id) VALUES (11,  2);
INSERT INTO StudentCourses(student_id, course_id) VALUES (11,  5);
INSERT INTO StudentCourses(student_id, course_id) VALUES (12,  7);
INSERT INTO StudentCourses(student_id, course_id) VALUES (13,  5);
INSERT INTO StudentCourses(student_id, course_id) VALUES (14,  6);
INSERT INTO StudentCourses(student_id, course_id) VALUES (15,  6);
INSERT INTO StudentCourses(student_id, course_id) VALUES (16,  2);
INSERT INTO StudentCourses(student_id, course_id) VALUES (16,  5);
INSERT INTO StudentCourses(student_id, course_id) VALUES (17,  3);
INSERT INTO StudentCourses(student_id, course_id) VALUES (18,  8);
INSERT INTO StudentCourses(student_id, course_id) VALUES (18,  9);
INSERT INTO StudentCourses(student_id, course_id) VALUES (19,  5);
INSERT INTO StudentCourses(student_id, course_id) VALUES (20, 10);
INSERT INTO StudentCourses(student_id, course_id) VALUES (21,  9);
INSERT INTO StudentCourses(student_id, course_id) VALUES (21,  1);
INSERT INTO StudentCourses(student_id, course_id) VALUES (22,  2);
INSERT INTO StudentCourses(student_id, course_id) VALUES (23,  3);
INSERT INTO StudentCourses(student_id, course_id) VALUES (23,  6);
INSERT INTO StudentCourses(student_id, course_id) VALUES (23,  4);
INSERT INTO StudentCourses(student_id, course_id) VALUES (24,  3);
INSERT INTO StudentCourses(student_id, course_id) VALUES (25,  3);
INSERT INTO StudentCourses(student_id, course_id) VALUES (26,  3);
INSERT INTO StudentCourses(student_id, course_id) VALUES (27,  9);
INSERT INTO StudentCourses(student_id, course_id) VALUES (28,  2);
INSERT INTO StudentCourses(student_id, course_id) VALUES (29,  4);
INSERT INTO StudentCourses(student_id, course_id) VALUES (30,  9);
INSERT INTO StudentCourses(student_id, course_id) VALUES (31,  1);
INSERT INTO StudentCourses(student_id, course_id) VALUES (31,  9);
INSERT INTO StudentCourses(student_id, course_id) VALUES (31,  3);
INSERT INTO StudentCourses(student_id, course_id) VALUES (32,  8);
INSERT INTO StudentCourses(student_id, course_id) VALUES (32,  2);
INSERT INTO StudentCourses(student_id, course_id) VALUES (33,  2);
INSERT INTO StudentCourses(student_id, course_id) VALUES (33,  4);
INSERT INTO StudentCourses(student_id, course_id) VALUES (34,  1);
INSERT INTO StudentCourses(student_id, course_id) VALUES (35,  5);
INSERT INTO StudentCourses(student_id, course_id) VALUES (36,  1);
INSERT INTO StudentCourses(student_id, course_id) VALUES (37,  8);
INSERT INTO StudentCourses(student_id, course_id) VALUES (37,  9);
INSERT INTO StudentCourses(student_id, course_id) VALUES (38,  6);
INSERT INTO StudentCourses(student_id, course_id) VALUES (39,  8);
INSERT INTO StudentCourses(student_id, course_id) VALUES (40,  2);
INSERT INTO StudentCourses(student_id, course_id) VALUES (41,  2);
INSERT INTO StudentCourses(student_id, course_id) VALUES (42,  1);
INSERT INTO StudentCourses(student_id, course_id) VALUES (42,  6);
INSERT INTO StudentCourses(student_id, course_id) VALUES (43,  1);
INSERT INTO StudentCourses(student_id, course_id) VALUES (43,  7);
INSERT INTO StudentCourses(student_id, course_id) VALUES (44,  2);
INSERT INTO StudentCourses(student_id, course_id) VALUES (45,  9);
INSERT INTO StudentCourses(student_id, course_id) VALUES (45, 10);
INSERT INTO StudentCourses(student_id, course_id) VALUES (46,  9);
INSERT INTO StudentCourses(student_id, course_id) VALUES (47,  5);
INSERT INTO StudentCourses(student_id, course_id) VALUES (47,  8);
INSERT INTO StudentCourses(student_id, course_id) VALUES (48,  9);
INSERT INTO StudentCourses(student_id, course_id) VALUES (49,  7);
INSERT INTO StudentCourses(student_id, course_id) VALUES (50, 10);
INSERT INTO StudentCourses(student_id, course_id) VALUES (51,  9);
INSERT INTO StudentCourses(student_id, course_id) VALUES (52,  4);
INSERT INTO StudentCourses(student_id, course_id) VALUES (52, 10);
INSERT INTO StudentCourses(student_id, course_id) VALUES (52,  2);
INSERT INTO StudentCourses(student_id, course_id) VALUES (53,  4);
INSERT INTO StudentCourses(student_id, course_id) VALUES (54,  6);
INSERT INTO StudentCourses(student_id, course_id) VALUES (54, 10);
INSERT INTO StudentCourses(student_id, course_id) VALUES (55,  6);
INSERT INTO StudentCourses(student_id, course_id) VALUES (56,  6);
INSERT INTO StudentCourses(student_id, course_id) VALUES (57,  4);
INSERT INTO StudentCourses(student_id, course_id) VALUES (57, 10);
INSERT INTO StudentCourses(student_id, course_id) VALUES (58,  8);
INSERT INTO StudentCourses(student_id, course_id) VALUES (58,  6);
INSERT INTO StudentCourses(student_id, course_id) VALUES (59,  9);
INSERT INTO StudentCourses(student_id, course_id) VALUES (59,  4);
INSERT INTO StudentCourses(student_id, course_id) VALUES (59,  2);
INSERT INTO StudentCourses(student_id, course_id) VALUES (60, 10);
INSERT INTO StudentCourses(student_id, course_id) VALUES (61,  7);
INSERT INTO StudentCourses(student_id, course_id) VALUES (62,  6);
INSERT INTO StudentCourses(student_id, course_id) VALUES (62,  3);
INSERT INTO StudentCourses(student_id, course_id) VALUES (62,  9);
INSERT INTO StudentCourses(student_id, course_id) VALUES (63,  1);
INSERT INTO StudentCourses(student_id, course_id) VALUES (64,  8);
INSERT INTO StudentCourses(student_id, course_id) VALUES (65,  3);
INSERT INTO StudentCourses(student_id, course_id) VALUES (65,  4);
INSERT INTO StudentCourses(student_id, course_id) VALUES (65,  9);
INSERT INTO StudentCourses(student_id, course_id) VALUES (66,  2);
INSERT INTO StudentCourses(student_id, course_id) VALUES (67,  9);
INSERT INTO StudentCourses(student_id, course_id) VALUES (68,  4);
INSERT INTO StudentCourses(student_id, course_id) VALUES (68,  8);
INSERT INTO StudentCourses(student_id, course_id) VALUES (69,  9);
INSERT INTO StudentCourses(student_id, course_id) VALUES (70,  2);
INSERT INTO StudentCourses(student_id, course_id) VALUES (71,  2);
INSERT INTO StudentCourses(student_id, course_id) VALUES (72,  9);
INSERT INTO StudentCourses(student_id, course_id) VALUES (73, 10);
INSERT INTO StudentCourses(student_id, course_id) VALUES (74, 10);
INSERT INTO StudentCourses(student_id, course_id) VALUES (75,  1);
INSERT INTO StudentCourses(student_id, course_id) VALUES (75,  6);
INSERT INTO StudentCourses(student_id, course_id) VALUES (75,  8);
INSERT INTO StudentCourses(student_id, course_id) VALUES (76,  5);
INSERT INTO StudentCourses(student_id, course_id) VALUES (77,  1);
INSERT INTO StudentCourses(student_id, course_id) VALUES (78,  7);
INSERT INTO StudentCourses(student_id, course_id) VALUES (78,  6);
INSERT INTO StudentCourses(student_id, course_id) VALUES (79,  9);
INSERT INTO StudentCourses(student_id, course_id) VALUES (79,  7);
INSERT INTO StudentCourses(student_id, course_id) VALUES (79, 10);
INSERT INTO StudentCourses(student_id, course_id) VALUES (80,  2);
INSERT INTO StudentCourses(student_id, course_id) VALUES (81,  6);
INSERT INTO StudentCourses(student_id, course_id) VALUES (82,  9);
INSERT INTO StudentCourses(student_id, course_id) VALUES (82,  4);
INSERT INTO StudentCourses(student_id, course_id) VALUES (83,  2);
INSERT INTO StudentCourses(student_id, course_id) VALUES (83,  5);
INSERT INTO StudentCourses(student_id, course_id) VALUES (84, 10);
INSERT INTO StudentCourses(student_id, course_id) VALUES (85,  4);
INSERT INTO StudentCourses(student_id, course_id) VALUES (85,  3);
INSERT INTO StudentCourses(student_id, course_id) VALUES (86,  3);
INSERT INTO StudentCourses(student_id, course_id) VALUES (87, 10);
INSERT INTO StudentCourses(student_id, course_id) VALUES (88,  1);
INSERT INTO StudentCourses(student_id, course_id) VALUES (88,  7);
INSERT INTO StudentCourses(student_id, course_id) VALUES (89,  6);
INSERT INTO StudentCourses(student_id, course_id) VALUES (90,  9);
INSERT INTO StudentCourses(student_id, course_id) VALUES (90,  2);
INSERT INTO StudentCourses(student_id, course_id) VALUES (91,  7);
INSERT INTO StudentCourses(student_id, course_id) VALUES (91,  3);
INSERT INTO StudentCourses(student_id, course_id) VALUES (91,  4);
INSERT INTO StudentCourses(student_id, course_id) VALUES (92,  9);
INSERT INTO StudentCourses(student_id, course_id) VALUES (92,  7);
INSERT INTO StudentCourses(student_id, course_id) VALUES (93,  6);
INSERT INTO StudentCourses(student_id, course_id) VALUES (94,  9);
INSERT INTO StudentCourses(student_id, course_id) VALUES (95,  7);
INSERT INTO StudentCourses(student_id, course_id) VALUES (96,  7);
INSERT INTO StudentCourses(student_id, course_id) VALUES (97,  5);
INSERT INTO StudentCourses(student_id, course_id) VALUES (97,  3);
INSERT INTO StudentCourses(student_id, course_id) VALUES (97,  6);
INSERT INTO StudentCourses(student_id, course_id) VALUES (98,  8);
INSERT INTO StudentCourses(student_id, course_id) VALUES (99,  9);
INSERT INTO StudentCourses(student_id, course_id) VALUES (100,  8);
INSERT INTO StudentCourses(student_id, course_id) VALUES (100,  9);
INSERT INTO StudentCourses(student_id, course_id) VALUES (101,  6);
INSERT INTO StudentCourses(student_id, course_id) VALUES (102,  7);
INSERT INTO StudentCourses(student_id, course_id) VALUES (103,  3);
INSERT INTO StudentCourses(student_id, course_id) VALUES (104,  8);
INSERT INTO StudentCourses(student_id, course_id) VALUES (105,  5);
INSERT INTO StudentCourses(student_id, course_id) VALUES (105,  7);
INSERT INTO StudentCourses(student_id, course_id) VALUES (106,  3);
INSERT INTO StudentCourses(student_id, course_id) VALUES (107, 10);
INSERT INTO StudentCourses(student_id, course_id) VALUES (108,  2);
INSERT INTO StudentCourses(student_id, course_id) VALUES (108,  6);
INSERT INTO StudentCourses(student_id, course_id) VALUES (109,  3);
INSERT INTO StudentCourses(student_id, course_id) VALUES (110,  8);
INSERT INTO StudentCourses(student_id, course_id) VALUES (111,  1);
INSERT INTO StudentCourses(student_id, course_id) VALUES (112,  7);
INSERT INTO StudentCourses(student_id, course_id) VALUES (112,  4);
INSERT INTO StudentCourses(student_id, course_id) VALUES (113,  7);
INSERT INTO StudentCourses(student_id, course_id) VALUES (114,  7);
INSERT INTO StudentCourses(student_id, course_id) VALUES (115,  5);
INSERT INTO StudentCourses(student_id, course_id) VALUES (116, 10);
INSERT INTO StudentCourses(student_id, course_id) VALUES (117,  2);
INSERT INTO StudentCourses(student_id, course_id) VALUES (117,  5);
INSERT INTO StudentCourses(student_id, course_id) VALUES (118,  4);
INSERT INTO StudentCourses(student_id, course_id) VALUES (119,  2);
INSERT INTO StudentCourses(student_id, course_id) VALUES (119, 10);
INSERT INTO StudentCourses(student_id, course_id) VALUES (120,  3);
INSERT INTO StudentCourses(student_id, course_id) VALUES (121,  5);
INSERT INTO StudentCourses(student_id, course_id) VALUES (121,  1);
INSERT INTO StudentCourses(student_id, course_id) VALUES (122,  3);
INSERT INTO StudentCourses(student_id, course_id) VALUES (123,  4);
INSERT INTO StudentCourses(student_id, course_id) VALUES (123,  2);
INSERT INTO StudentCourses(student_id, course_id) VALUES (124,  5);
INSERT INTO StudentCourses(student_id, course_id) VALUES (125,  3);
INSERT INTO StudentCourses(student_id, course_id) VALUES (125,  8);
INSERT INTO StudentCourses(student_id, course_id) VALUES (125, 10);
INSERT INTO StudentCourses(student_id, course_id) VALUES (126,  1);
INSERT INTO StudentCourses(student_id, course_id) VALUES (127,  1);
INSERT INTO StudentCourses(student_id, course_id) VALUES (128,  4);
INSERT INTO StudentCourses(student_id, course_id) VALUES (128,  9);
INSERT INTO StudentCourses(student_id, course_id) VALUES (129,  8);
INSERT INTO StudentCourses(student_id, course_id) VALUES (129,  6);
INSERT INTO StudentCourses(student_id, course_id) VALUES (130,  6);
INSERT INTO StudentCourses(student_id, course_id) VALUES (130,  2);
INSERT INTO StudentCourses(student_id, course_id) VALUES (131,  8);
INSERT INTO StudentCourses(student_id, course_id) VALUES (132,  6);
INSERT INTO StudentCourses(student_id, course_id) VALUES (133,  7);
INSERT INTO StudentCourses(student_id, course_id) VALUES (134,  7);
INSERT INTO StudentCourses(student_id, course_id) VALUES (134, 10);
INSERT INTO StudentCourses(student_id, course_id) VALUES (135, 10);
INSERT INTO StudentCourses(student_id, course_id) VALUES (136,  6);
INSERT INTO StudentCourses(student_id, course_id) VALUES (137, 10);
INSERT INTO StudentCourses(student_id, course_id) VALUES (137,  9);
INSERT INTO StudentCourses(student_id, course_id) VALUES (138,  6);
INSERT INTO StudentCourses(student_id, course_id) VALUES (139,  8);
INSERT INTO StudentCourses(student_id, course_id) VALUES (140,  1);
INSERT INTO StudentCourses(student_id, course_id) VALUES (141,  8);
INSERT INTO StudentCourses(student_id, course_id) VALUES (142,  5);
INSERT INTO StudentCourses(student_id, course_id) VALUES (143,  6);
INSERT INTO StudentCourses(student_id, course_id) VALUES (143,  1);
INSERT INTO StudentCourses(student_id, course_id) VALUES (144,  4);
INSERT INTO StudentCourses(student_id, course_id) VALUES (145,  6);
INSERT INTO StudentCourses(student_id, course_id) VALUES (146,  9);
INSERT INTO StudentCourses(student_id, course_id) VALUES (146,  1);
INSERT INTO StudentCourses(student_id, course_id) VALUES (147,  6);
INSERT INTO StudentCourses(student_id, course_id) VALUES (148,  8);
INSERT INTO StudentCourses(student_id, course_id) VALUES (148,  3);
INSERT INTO StudentCourses(student_id, course_id) VALUES (149, 10);
INSERT INTO StudentCourses(student_id, course_id) VALUES (150,  6);
INSERT INTO StudentCourses(student_id, course_id) VALUES (151,  4);
INSERT INTO StudentCourses(student_id, course_id) VALUES (152,  3);
INSERT INTO StudentCourses(student_id, course_id) VALUES (152,  5);
INSERT INTO StudentCourses(student_id, course_id) VALUES (152,  4);
INSERT INTO StudentCourses(student_id, course_id) VALUES (153,  2);
INSERT INTO StudentCourses(student_id, course_id) VALUES (153,  3);
INSERT INTO StudentCourses(student_id, course_id) VALUES (154,  5);
INSERT INTO StudentCourses(student_id, course_id) VALUES (155,  4);
INSERT INTO StudentCourses(student_id, course_id) VALUES (155,  2);
INSERT INTO StudentCourses(student_id, course_id) VALUES (156,  1);
INSERT INTO StudentCourses(student_id, course_id) VALUES (156,  4);
INSERT INTO StudentCourses(student_id, course_id) VALUES (157,  2);
INSERT INTO StudentCourses(student_id, course_id) VALUES (158,  5);
INSERT INTO StudentCourses(student_id, course_id) VALUES (159,  9);
INSERT INTO StudentCourses(student_id, course_id) VALUES (160,  9);
INSERT INTO StudentCourses(student_id, course_id) VALUES (161,  4);
INSERT INTO StudentCourses(student_id, course_id) VALUES (161,  1);
INSERT INTO StudentCourses(student_id, course_id) VALUES (162, 10);
INSERT INTO StudentCourses(student_id, course_id) VALUES (162,  8);
INSERT INTO StudentCourses(student_id, course_id) VALUES (163,  2);
INSERT INTO StudentCourses(student_id, course_id) VALUES (164,  4);
INSERT INTO StudentCourses(student_id, course_id) VALUES (164,  1);
INSERT INTO StudentCourses(student_id, course_id) VALUES (165,  3);
INSERT INTO StudentCourses(student_id, course_id) VALUES (165,  7);
INSERT INTO StudentCourses(student_id, course_id) VALUES (166,  4);
INSERT INTO StudentCourses(student_id, course_id) VALUES (167, 10);
INSERT INTO StudentCourses(student_id, course_id) VALUES (168,  9);
INSERT INTO StudentCourses(student_id, course_id) VALUES (168,  6);
INSERT INTO StudentCourses(student_id, course_id) VALUES (169,  3);
INSERT INTO StudentCourses(student_id, course_id) VALUES (169,  8);
INSERT INTO StudentCourses(student_id, course_id) VALUES (170,  8);
INSERT INTO StudentCourses(student_id, course_id) VALUES (171,  6);
INSERT INTO StudentCourses(student_id, course_id) VALUES (171,  7);
INSERT INTO StudentCourses(student_id, course_id) VALUES (172, 10);
INSERT INTO StudentCourses(student_id, course_id) VALUES (173,  2);
INSERT INTO StudentCourses(student_id, course_id) VALUES (173,  7);
INSERT INTO StudentCourses(student_id, course_id) VALUES (174,  8);
INSERT INTO StudentCourses(student_id, course_id) VALUES (174,  2);
INSERT INTO StudentCourses(student_id, course_id) VALUES (175,  9);
INSERT INTO StudentCourses(student_id, course_id) VALUES (175, 10);
INSERT INTO StudentCourses(student_id, course_id) VALUES (176,  2);
INSERT INTO StudentCourses(student_id, course_id) VALUES (177,  2);
INSERT INTO StudentCourses(student_id, course_id) VALUES (178, 10);
INSERT INTO StudentCourses(student_id, course_id) VALUES (178,  6);
INSERT INTO StudentCourses(student_id, course_id) VALUES (179,  9);
INSERT INTO StudentCourses(student_id, course_id) VALUES (180,  2);
INSERT INTO StudentCourses(student_id, course_id) VALUES (180,  3);
INSERT INTO StudentCourses(student_id, course_id) VALUES (181,  4);
INSERT INTO StudentCourses(student_id, course_id) VALUES (182,  3);
INSERT INTO StudentCourses(student_id, course_id) VALUES (182, 10);
INSERT INTO StudentCourses(student_id, course_id) VALUES (182,  4);
INSERT INTO StudentCourses(student_id, course_id) VALUES (183,  1);
INSERT INTO StudentCourses(student_id, course_id) VALUES (184,  9);
INSERT INTO StudentCourses(student_id, course_id) VALUES (185,  2);
INSERT INTO StudentCourses(student_id, course_id) VALUES (185,  6);
INSERT INTO StudentCourses(student_id, course_id) VALUES (186,  8);
INSERT INTO StudentCourses(student_id, course_id) VALUES (187,  2);
INSERT INTO StudentCourses(student_id, course_id) VALUES (188,  3);
INSERT INTO StudentCourses(student_id, course_id) VALUES (189,  5);
INSERT INTO StudentCourses(student_id, course_id) VALUES (189,  6);
INSERT INTO StudentCourses(student_id, course_id) VALUES (190,  6);
INSERT INTO StudentCourses(student_id, course_id) VALUES (191, 10);
INSERT INTO StudentCourses(student_id, course_id) VALUES (192,  6);
INSERT INTO StudentCourses(student_id, course_id) VALUES (192,  8);
INSERT INTO StudentCourses(student_id, course_id) VALUES (192, 10);
INSERT INTO StudentCourses(student_id, course_id) VALUES (193,  4);
INSERT INTO StudentCourses(student_id, course_id) VALUES (193,  9);
INSERT INTO StudentCourses(student_id, course_id) VALUES (194,  4);
INSERT INTO StudentCourses(student_id, course_id) VALUES (194,  7);
INSERT INTO StudentCourses(student_id, course_id) VALUES (194,  3);
INSERT INTO StudentCourses(student_id, course_id) VALUES (195,  2);
INSERT INTO StudentCourses(student_id, course_id) VALUES (195,  7);
INSERT INTO StudentCourses(student_id, course_id) VALUES (196,  9);
INSERT INTO StudentCourses(student_id, course_id) VALUES (197,  8);
INSERT INTO StudentCourses(student_id, course_id) VALUES (198,  7);
INSERT INTO StudentCourses(student_id, course_id) VALUES (199,  1);
INSERT INTO StudentCourses(student_id, course_id) VALUES (200,  2);
