DELETE FROM studentcourses;
DELETE FROM students;
DELETE FROM courses;
DELETE FROM groups;
INSERT INTO groups (group_id, group_name) VALUES (1, 'BP-93');
INSERT INTO groups (group_id, group_name) VALUES (2, 'JE-34');
INSERT INTO groups (group_id, group_name) VALUES (3, 'CV-96');
INSERT INTO groups (group_id, group_name) VALUES (4, 'NT-31');
INSERT INTO groups (group_id, group_name) VALUES (5, 'LY-85');
INSERT INTO groups (group_id, group_name) VALUES (6, 'HL-66');
INSERT INTO groups (group_id, group_name) VALUES (7, 'PP-69');
INSERT INTO groups (group_id, group_name) VALUES (8, 'YC-14');
INSERT INTO groups (group_id, group_name) VALUES (9, 'SM-23');
INSERT INTO groups (group_id, group_name) VALUES (10, 'FB-13');
INSERT INTO courses (course_id, course_name, course_description)
 VALUES (1, 'Economics', 'How to be thrifty');INSERT INTO courses (course_id, course_name, course_description)
 VALUES (2, 'Politics', 'Basics of corruption');INSERT INTO courses (course_id, course_name, course_description)
 VALUES (3, 'Computer science', 'Where is Ctrl+Alt+Delete located?');INSERT INTO courses (course_id, course_name, course_description)
 VALUES (4, 'Physics', 'Freaking apple falls again and again');INSERT INTO courses (course_id, course_name, course_description)
 VALUES (5, 'Math', 'Calculate how much you body costs');INSERT INTO courses (course_id, course_name, course_description)
 VALUES (6, 'Law', 'How to get away with whore murder');INSERT INTO courses (course_id, course_name, course_description)
 VALUES (7, 'Biology', 'Pistils and stamens');INSERT INTO courses (course_id, course_name, course_description)
 VALUES (8, 'History', '2000 years of ignorance');INSERT INTO courses (course_id, course_name, course_description)
 VALUES (9, 'Philosophy', 'Whatever you say');INSERT INTO courses (course_id, course_name, course_description)
 VALUES (10, 'Astronomy', 'Freaking aliens, come and get me out!');INSERT INTO students (student_id, first_name, last_name) VALUES (1, 'Mason', 'Sullivan');
INSERT INTO students (student_id, first_name, last_name, group_id) VALUES (2, 'Harper', 'Williams', 4);
INSERT INTO students (student_id, first_name, last_name) VALUES (3, 'James', 'Gregory');
INSERT INTO students (student_id, first_name, last_name, group_id) VALUES (4, 'Olivia', 'Gregory', 4);
INSERT INTO students (student_id, first_name, last_name, group_id) VALUES (5, 'Olivia', 'Smith', 4);
INSERT INTO students (student_id, first_name, last_name) VALUES (6, 'Lucas', 'King');
INSERT INTO students (student_id, first_name, last_name) VALUES (7, 'Liam', 'Mullin');
INSERT INTO students (student_id, first_name, last_name) VALUES (8, 'Mason', 'Burke');
INSERT INTO students (student_id, first_name, last_name, group_id) VALUES (9, 'James', 'Gregory', 1);
INSERT INTO students (student_id, first_name, last_name) VALUES (10, 'Emma', 'Lee');
INSERT INTO students (student_id, first_name, last_name) VALUES (11, 'Sophia', 'Lee');
INSERT INTO students (student_id, first_name, last_name) VALUES (12, 'Harper', 'Martinez');
INSERT INTO students (student_id, first_name, last_name, group_id) VALUES (13, 'Noah', 'Thompson', 4);
INSERT INTO students (student_id, first_name, last_name) VALUES (14, 'Charlotte', 'Brown');
INSERT INTO students (student_id, first_name, last_name) VALUES (15, 'Benjamin', 'Campbell');
INSERT INTO students (student_id, first_name, last_name) VALUES (16, 'Logan', 'Rodriguez');
INSERT INTO students (student_id, first_name, last_name) VALUES (17, 'Charlotte', 'Wilson');
INSERT INTO students (student_id, first_name, last_name) VALUES (18, 'Mason', 'Sullivan');
INSERT INTO students (student_id, first_name, last_name) VALUES (19, 'Harper', 'Smith');
INSERT INTO students (student_id, first_name, last_name) VALUES (20, 'William', 'Jones');
INSERT INTO students (student_id, first_name, last_name) VALUES (21, 'Mason', 'Martinez');
INSERT INTO students (student_id, first_name, last_name) VALUES (22, 'Sophia', 'Campbell');
INSERT INTO students (student_id, first_name, last_name) VALUES (23, 'Isabella', 'Hayden');
INSERT INTO students (student_id, first_name, last_name) VALUES (24, 'Evelyn', 'Burke');
INSERT INTO students (student_id, first_name, last_name) VALUES (25, 'Evelyn', 'Brown');
INSERT INTO students (student_id, first_name, last_name) VALUES (26, 'Emma', 'Edwards');
INSERT INTO students (student_id, first_name, last_name) VALUES (27, 'Logan', 'Burke');
INSERT INTO students (student_id, first_name, last_name, group_id) VALUES (28, 'Logan', 'Williams', 1);
INSERT INTO students (student_id, first_name, last_name) VALUES (29, 'Olivia', 'Sullivan');
INSERT INTO students (student_id, first_name, last_name) VALUES (30, 'Ava', 'Rodriguez');
INSERT INTO students (student_id, first_name, last_name) VALUES (31, 'Noah', 'Wilson');
INSERT INTO students (student_id, first_name, last_name) VALUES (32, 'Ava', 'Brown');
INSERT INTO students (student_id, first_name, last_name) VALUES (33, 'William', 'Garcia');
INSERT INTO students (student_id, first_name, last_name) VALUES (34, 'Logan', 'Hayden');
INSERT INTO students (student_id, first_name, last_name) VALUES (35, 'Oliver', 'Burke');
INSERT INTO students (student_id, first_name, last_name) VALUES (36, 'Noah', 'Smith');
INSERT INTO students (student_id, first_name, last_name, group_id) VALUES (37, 'Mia', 'Sullivan', 1);
INSERT INTO students (student_id, first_name, last_name) VALUES (38, 'Emma', 'Smith');
INSERT INTO students (student_id, first_name, last_name, group_id) VALUES (39, 'Amelia', 'King', 4);
INSERT INTO students (student_id, first_name, last_name) VALUES (40, 'Olivia', 'Martinez');
INSERT INTO students (student_id, first_name, last_name) VALUES (41, 'Mason', 'Burke');
INSERT INTO students (student_id, first_name, last_name) VALUES (42, 'William', 'Lee');
INSERT INTO students (student_id, first_name, last_name) VALUES (43, 'Mason', 'Jones');
INSERT INTO students (student_id, first_name, last_name) VALUES (44, 'Liam', 'Brown');
INSERT INTO students (student_id, first_name, last_name) VALUES (45, 'Benjamin', 'Campbell');
INSERT INTO students (student_id, first_name, last_name) VALUES (46, 'Evelyn', 'Wilson');
INSERT INTO students (student_id, first_name, last_name) VALUES (47, 'Noah', 'Martinez');
INSERT INTO students (student_id, first_name, last_name) VALUES (48, 'Benjamin', 'Gregory');
INSERT INTO students (student_id, first_name, last_name) VALUES (49, 'Mason', 'Wilson');
INSERT INTO students (student_id, first_name, last_name) VALUES (50, 'Mia', 'Sullivan');
INSERT INTO students (student_id, first_name, last_name, group_id) VALUES (51, 'Elijah', 'Brown', 1);
INSERT INTO students (student_id, first_name, last_name) VALUES (52, 'Ava', 'King');
INSERT INTO students (student_id, first_name, last_name) VALUES (53, 'Liam', 'Rodriguez');
INSERT INTO students (student_id, first_name, last_name) VALUES (54, 'James', 'Johnson');
INSERT INTO students (student_id, first_name, last_name) VALUES (55, 'Elijah', 'Campbell');
INSERT INTO students (student_id, first_name, last_name) VALUES (56, 'Logan', 'Rodriguez');
INSERT INTO students (student_id, first_name, last_name) VALUES (57, 'Harper', 'Campbell');
INSERT INTO students (student_id, first_name, last_name) VALUES (58, 'Ava', 'Mullin');
INSERT INTO students (student_id, first_name, last_name) VALUES (59, 'Elijah', 'Burke');
INSERT INTO students (student_id, first_name, last_name) VALUES (60, 'Mia', 'Johnson');
INSERT INTO students (student_id, first_name, last_name) VALUES (61, 'Benjamin', 'Jones');
INSERT INTO students (student_id, first_name, last_name) VALUES (62, 'Benjamin', 'Burke');
INSERT INTO students (student_id, first_name, last_name) VALUES (63, 'Benjamin', 'Thompson');
INSERT INTO students (student_id, first_name, last_name) VALUES (64, 'Mason', 'King');
INSERT INTO students (student_id, first_name, last_name) VALUES (65, 'Emma', 'Brown');
INSERT INTO students (student_id, first_name, last_name) VALUES (66, 'James', 'Smith');
INSERT INTO students (student_id, first_name, last_name) VALUES (67, 'Noah', 'Rodriguez');
INSERT INTO students (student_id, first_name, last_name) VALUES (68, 'William', 'Wilson');
INSERT INTO students (student_id, first_name, last_name) VALUES (69, 'Noah', 'King');
INSERT INTO students (student_id, first_name, last_name) VALUES (70, 'Olivia', 'Mullin');
INSERT INTO students (student_id, first_name, last_name) VALUES (71, 'Charlotte', 'King');
INSERT INTO students (student_id, first_name, last_name) VALUES (72, 'Mason', 'Brown');
INSERT INTO students (student_id, first_name, last_name) VALUES (73, 'Mason', 'Lee');
INSERT INTO students (student_id, first_name, last_name) VALUES (74, 'Sophia', 'Sullivan');
INSERT INTO students (student_id, first_name, last_name) VALUES (75, 'Lucas', 'Garcia');
INSERT INTO students (student_id, first_name, last_name) VALUES (76, 'Logan', 'Hayden');
INSERT INTO students (student_id, first_name, last_name) VALUES (77, 'Sophia', 'Gregory');
INSERT INTO students (student_id, first_name, last_name, group_id) VALUES (78, 'Liam', 'Thompson', 4);
INSERT INTO students (student_id, first_name, last_name, group_id) VALUES (79, 'Olivia', 'Thompson', 4);
INSERT INTO students (student_id, first_name, last_name) VALUES (80, 'Harper', 'Johnson');
INSERT INTO students (student_id, first_name, last_name) VALUES (81, 'Noah', 'Garcia');
INSERT INTO students (student_id, first_name, last_name) VALUES (82, 'Lucas', 'Brown');
INSERT INTO students (student_id, first_name, last_name) VALUES (83, 'William', 'Rodriguez');
INSERT INTO students (student_id, first_name, last_name) VALUES (84, 'Sophia', 'Rodriguez');
INSERT INTO students (student_id, first_name, last_name) VALUES (85, 'Liam', 'Gregory');
INSERT INTO students (student_id, first_name, last_name) VALUES (86, 'Lucas', 'Jones');
INSERT INTO students (student_id, first_name, last_name, group_id) VALUES (87, 'Oliver', 'Perez', 1);
INSERT INTO students (student_id, first_name, last_name, group_id) VALUES (88, 'Olivia', 'Brown', 4);
INSERT INTO students (student_id, first_name, last_name) VALUES (89, 'Oliver', 'Campbell');
INSERT INTO students (student_id, first_name, last_name) VALUES (90, 'Charlotte', 'Hayden');
INSERT INTO students (student_id, first_name, last_name, group_id) VALUES (91, 'Noah', 'Hayden', 1);
INSERT INTO students (student_id, first_name, last_name) VALUES (92, 'Harper', 'Campbell');
INSERT INTO students (student_id, first_name, last_name) VALUES (93, 'Lucas', 'Sullivan');
INSERT INTO students (student_id, first_name, last_name) VALUES (94, 'Lucas', 'Wilson');
INSERT INTO students (student_id, first_name, last_name) VALUES (95, 'Logan', 'Thompson');
INSERT INTO students (student_id, first_name, last_name) VALUES (96, 'Emma', 'Rodriguez');
INSERT INTO students (student_id, first_name, last_name) VALUES (97, 'Mia', 'Wilson');
INSERT INTO students (student_id, first_name, last_name) VALUES (98, 'Amelia', 'Martinez');
INSERT INTO students (student_id, first_name, last_name) VALUES (99, 'Evelyn', 'Lee');
INSERT INTO students (student_id, first_name, last_name) VALUES (100, 'Emma', 'Martinez');
INSERT INTO students (student_id, first_name, last_name) VALUES (101, 'Evelyn', 'Thompson');
INSERT INTO students (student_id, first_name, last_name) VALUES (102, 'Evelyn', 'Williams');
INSERT INTO students (student_id, first_name, last_name) VALUES (103, 'Mason', 'Garcia');
INSERT INTO students (student_id, first_name, last_name) VALUES (104, 'Lucas', 'Brown');
INSERT INTO students (student_id, first_name, last_name) VALUES (105, 'Mason', 'Edwards');
INSERT INTO students (student_id, first_name, last_name) VALUES (106, 'Mia', 'Jones');
INSERT INTO students (student_id, first_name, last_name) VALUES (107, 'Elijah', 'Johnson');
INSERT INTO students (student_id, first_name, last_name) VALUES (108, 'William', 'Brown');
INSERT INTO students (student_id, first_name, last_name) VALUES (109, 'Amelia', 'Edwards');
INSERT INTO students (student_id, first_name, last_name, group_id) VALUES (110, 'Amelia', 'Perez', 4);
INSERT INTO students (student_id, first_name, last_name) VALUES (111, 'Noah', 'Edwards');
INSERT INTO students (student_id, first_name, last_name) VALUES (112, 'Harper', 'Martinez');
INSERT INTO students (student_id, first_name, last_name) VALUES (113, 'Elijah', 'Hayden');
INSERT INTO students (student_id, first_name, last_name) VALUES (114, 'Olivia', 'Sullivan');
INSERT INTO students (student_id, first_name, last_name) VALUES (115, 'Lucas', 'Campbell');
INSERT INTO students (student_id, first_name, last_name) VALUES (116, 'Olivia', 'Gregory');
INSERT INTO students (student_id, first_name, last_name) VALUES (117, 'Mia', 'Perez');
INSERT INTO students (student_id, first_name, last_name) VALUES (118, 'Isabella', 'Sullivan');
INSERT INTO students (student_id, first_name, last_name) VALUES (119, 'Sophia', 'Rodriguez');
INSERT INTO students (student_id, first_name, last_name) VALUES (120, 'Liam', 'Gregory');
INSERT INTO students (student_id, first_name, last_name) VALUES (121, 'Elijah', 'Brown');
INSERT INTO students (student_id, first_name, last_name, group_id) VALUES (122, 'Olivia', 'Campbell', 4);
INSERT INTO students (student_id, first_name, last_name, group_id) VALUES (123, 'Elijah', 'Wilson', 1);
INSERT INTO students (student_id, first_name, last_name) VALUES (124, 'Logan', 'Garcia');
INSERT INTO students (student_id, first_name, last_name) VALUES (125, 'Evelyn', 'Perez');
INSERT INTO students (student_id, first_name, last_name, group_id) VALUES (126, 'Elijah', 'Edwards', 4);
INSERT INTO students (student_id, first_name, last_name) VALUES (127, 'Harper', 'Sullivan');
INSERT INTO students (student_id, first_name, last_name) VALUES (128, 'Amelia', 'Rodriguez');
INSERT INTO students (student_id, first_name, last_name) VALUES (129, 'Olivia', 'Campbell');
INSERT INTO students (student_id, first_name, last_name) VALUES (130, 'Ava', 'Brown');
INSERT INTO students (student_id, first_name, last_name) VALUES (131, 'Lucas', 'Jones');
INSERT INTO students (student_id, first_name, last_name) VALUES (132, 'Emma', 'Jones');
INSERT INTO students (student_id, first_name, last_name) VALUES (133, 'William', 'Garcia');
INSERT INTO students (student_id, first_name, last_name) VALUES (134, 'Sophia', 'Martinez');
INSERT INTO students (student_id, first_name, last_name) VALUES (135, 'Ava', 'Wilson');
INSERT INTO students (student_id, first_name, last_name) VALUES (136, 'Evelyn', 'Sullivan');
INSERT INTO students (student_id, first_name, last_name) VALUES (137, 'Sophia', 'Lee');
INSERT INTO students (student_id, first_name, last_name) VALUES (138, 'Amelia', 'Campbell');
INSERT INTO students (student_id, first_name, last_name) VALUES (139, 'Isabella', 'Burke');
INSERT INTO students (student_id, first_name, last_name) VALUES (140, 'Evelyn', 'Smith');
INSERT INTO students (student_id, first_name, last_name) VALUES (141, 'William', 'Gregory');
INSERT INTO students (student_id, first_name, last_name) VALUES (142, 'Oliver', 'Smith');
INSERT INTO students (student_id, first_name, last_name, group_id) VALUES (143, 'Logan', 'Brown', 4);
INSERT INTO students (student_id, first_name, last_name) VALUES (144, 'James', 'Perez');
INSERT INTO students (student_id, first_name, last_name) VALUES (145, 'Oliver', 'Sullivan');
INSERT INTO students (student_id, first_name, last_name) VALUES (146, 'Noah', 'Jones');
INSERT INTO students (student_id, first_name, last_name) VALUES (147, 'Sophia', 'Mullin');
INSERT INTO students (student_id, first_name, last_name) VALUES (148, 'William', 'Brown');
INSERT INTO students (student_id, first_name, last_name) VALUES (149, 'Mia', 'Gregory');
INSERT INTO students (student_id, first_name, last_name, group_id) VALUES (150, 'Harper', 'Campbell', 4);
INSERT INTO students (student_id, first_name, last_name) VALUES (151, 'Logan', 'Perez');
INSERT INTO students (student_id, first_name, last_name) VALUES (152, 'Benjamin', 'Lee');
INSERT INTO students (student_id, first_name, last_name) VALUES (153, 'Isabella', 'Gregory');
INSERT INTO students (student_id, first_name, last_name) VALUES (154, 'Olivia', 'Rodriguez');
INSERT INTO students (student_id, first_name, last_name) VALUES (155, 'Elijah', 'Johnson');
INSERT INTO students (student_id, first_name, last_name) VALUES (156, 'Evelyn', 'Sullivan');
INSERT INTO students (student_id, first_name, last_name) VALUES (157, 'Harper', 'Johnson');
INSERT INTO students (student_id, first_name, last_name) VALUES (158, 'Evelyn', 'Johnson');
INSERT INTO students (student_id, first_name, last_name) VALUES (159, 'Oliver', 'Sullivan');
INSERT INTO students (student_id, first_name, last_name) VALUES (160, 'Lucas', 'Wilson');
INSERT INTO students (student_id, first_name, last_name) VALUES (161, 'Oliver', 'Edwards');
INSERT INTO students (student_id, first_name, last_name) VALUES (162, 'Liam', 'Edwards');
INSERT INTO students (student_id, first_name, last_name) VALUES (163, 'Evelyn', 'Wilson');
INSERT INTO students (student_id, first_name, last_name, group_id) VALUES (164, 'Emma', 'Hayden', 1);
INSERT INTO students (student_id, first_name, last_name) VALUES (165, 'Sophia', 'King');
INSERT INTO students (student_id, first_name, last_name) VALUES (166, 'Charlotte', 'Martinez');
INSERT INTO students (student_id, first_name, last_name) VALUES (167, 'Mia', 'Lee');
INSERT INTO students (student_id, first_name, last_name) VALUES (168, 'Olivia', 'Smith');
INSERT INTO students (student_id, first_name, last_name) VALUES (169, 'Elijah', 'Gregory');
INSERT INTO students (student_id, first_name, last_name, group_id) VALUES (170, 'Amelia', 'Campbell', 4);
INSERT INTO students (student_id, first_name, last_name) VALUES (171, 'Amelia', 'Thompson');
INSERT INTO students (student_id, first_name, last_name) VALUES (172, 'Charlotte', 'Mullin');
INSERT INTO students (student_id, first_name, last_name) VALUES (173, 'Harper', 'Jones');
INSERT INTO students (student_id, first_name, last_name, group_id) VALUES (174, 'William', 'King', 4);
INSERT INTO students (student_id, first_name, last_name) VALUES (175, 'James', 'Wilson');
INSERT INTO students (student_id, first_name, last_name) VALUES (176, 'Sophia', 'Rodriguez');
INSERT INTO students (student_id, first_name, last_name) VALUES (177, 'Lucas', 'Brown');
INSERT INTO students (student_id, first_name, last_name) VALUES (178, 'Emma', 'Williams');
INSERT INTO students (student_id, first_name, last_name) VALUES (179, 'Emma', 'King');
INSERT INTO students (student_id, first_name, last_name) VALUES (180, 'Elijah', 'Garcia');
INSERT INTO students (student_id, first_name, last_name) VALUES (181, 'Emma', 'Gregory');
INSERT INTO students (student_id, first_name, last_name, group_id) VALUES (182, 'Emma', 'Lee', 1);
INSERT INTO students (student_id, first_name, last_name) VALUES (183, 'Noah', 'Lee');
INSERT INTO students (student_id, first_name, last_name) VALUES (184, 'James', 'Edwards');
INSERT INTO students (student_id, first_name, last_name) VALUES (185, 'Liam', 'Lee');
INSERT INTO students (student_id, first_name, last_name) VALUES (186, 'Lucas', 'Jones');
INSERT INTO students (student_id, first_name, last_name) VALUES (187, 'Lucas', 'Thompson');
INSERT INTO students (student_id, first_name, last_name) VALUES (188, 'Liam', 'Sullivan');
INSERT INTO students (student_id, first_name, last_name) VALUES (189, 'Oliver', 'Brown');
INSERT INTO students (student_id, first_name, last_name) VALUES (190, 'Elijah', 'Williams');
INSERT INTO students (student_id, first_name, last_name) VALUES (191, 'James', 'Gregory');
INSERT INTO students (student_id, first_name, last_name, group_id) VALUES (192, 'Oliver', 'Garcia', 1);
INSERT INTO students (student_id, first_name, last_name) VALUES (193, 'William', 'Lee');
INSERT INTO students (student_id, first_name, last_name) VALUES (194, 'Mia', 'Garcia');
INSERT INTO students (student_id, first_name, last_name) VALUES (195, 'Charlotte', 'Thompson');
INSERT INTO students (student_id, first_name, last_name) VALUES (196, 'Liam', 'Jones');
INSERT INTO students (student_id, first_name, last_name) VALUES (197, 'Mia', 'Brown');
INSERT INTO students (student_id, first_name, last_name) VALUES (198, 'Amelia', 'Campbell');
INSERT INTO students (student_id, first_name, last_name) VALUES (199, 'Ava', 'Perez');
INSERT INTO students (student_id, first_name, last_name) VALUES (200, 'James', 'Wilson');
INSERT INTO studentcourses(student_id, course_id) VALUES (1, 10);
INSERT INTO studentcourses(student_id, course_id) VALUES (2,  9);
INSERT INTO studentcourses(student_id, course_id) VALUES (3,  5);
INSERT INTO studentcourses(student_id, course_id) VALUES (3,  2);
INSERT INTO studentcourses(student_id, course_id) VALUES (3, 10);
INSERT INTO studentcourses(student_id, course_id) VALUES (4,  5);
INSERT INTO studentcourses(student_id, course_id) VALUES (4,  8);
INSERT INTO studentcourses(student_id, course_id) VALUES (4,  9);
INSERT INTO studentcourses(student_id, course_id) VALUES (5,  7);
INSERT INTO studentcourses(student_id, course_id) VALUES (6,  7);
INSERT INTO studentcourses(student_id, course_id) VALUES (7, 10);
INSERT INTO studentcourses(student_id, course_id) VALUES (8,  7);
INSERT INTO studentcourses(student_id, course_id) VALUES (9,  8);
INSERT INTO studentcourses(student_id, course_id) VALUES (10,  6);
INSERT INTO studentcourses(student_id, course_id) VALUES (11,  4);
INSERT INTO studentcourses(student_id, course_id) VALUES (12,  5);
INSERT INTO studentcourses(student_id, course_id) VALUES (12, 10);
INSERT INTO studentcourses(student_id, course_id) VALUES (13,  4);
INSERT INTO studentcourses(student_id, course_id) VALUES (14,  3);
INSERT INTO studentcourses(student_id, course_id) VALUES (14,  9);
INSERT INTO studentcourses(student_id, course_id) VALUES (15,  3);
INSERT INTO studentcourses(student_id, course_id) VALUES (15,  2);
INSERT INTO studentcourses(student_id, course_id) VALUES (16,  9);
INSERT INTO studentcourses(student_id, course_id) VALUES (16,  3);
INSERT INTO studentcourses(student_id, course_id) VALUES (17,  2);
INSERT INTO studentcourses(student_id, course_id) VALUES (18,  4);
INSERT INTO studentcourses(student_id, course_id) VALUES (18,  8);
INSERT INTO studentcourses(student_id, course_id) VALUES (19,  6);
INSERT INTO studentcourses(student_id, course_id) VALUES (20,  8);
INSERT INTO studentcourses(student_id, course_id) VALUES (20,  4);
INSERT INTO studentcourses(student_id, course_id) VALUES (21,  2);
INSERT INTO studentcourses(student_id, course_id) VALUES (22,  6);
INSERT INTO studentcourses(student_id, course_id) VALUES (23,  3);
INSERT INTO studentcourses(student_id, course_id) VALUES (24,  5);
INSERT INTO studentcourses(student_id, course_id) VALUES (25,  2);
INSERT INTO studentcourses(student_id, course_id) VALUES (26,  1);
INSERT INTO studentcourses(student_id, course_id) VALUES (27,  4);
INSERT INTO studentcourses(student_id, course_id) VALUES (28,  8);
INSERT INTO studentcourses(student_id, course_id) VALUES (28,  3);
INSERT INTO studentcourses(student_id, course_id) VALUES (29,  7);
INSERT INTO studentcourses(student_id, course_id) VALUES (30,  8);
INSERT INTO studentcourses(student_id, course_id) VALUES (30,  2);
INSERT INTO studentcourses(student_id, course_id) VALUES (31,  5);
INSERT INTO studentcourses(student_id, course_id) VALUES (32,  5);
INSERT INTO studentcourses(student_id, course_id) VALUES (32,  3);
INSERT INTO studentcourses(student_id, course_id) VALUES (33, 10);
INSERT INTO studentcourses(student_id, course_id) VALUES (34,  7);
INSERT INTO studentcourses(student_id, course_id) VALUES (34,  2);
INSERT INTO studentcourses(student_id, course_id) VALUES (34,  8);
INSERT INTO studentcourses(student_id, course_id) VALUES (35,  5);
INSERT INTO studentcourses(student_id, course_id) VALUES (35, 10);
INSERT INTO studentcourses(student_id, course_id) VALUES (36,  9);
INSERT INTO studentcourses(student_id, course_id) VALUES (36,  3);
INSERT INTO studentcourses(student_id, course_id) VALUES (37,  7);
INSERT INTO studentcourses(student_id, course_id) VALUES (38,  1);
INSERT INTO studentcourses(student_id, course_id) VALUES (39,  5);
INSERT INTO studentcourses(student_id, course_id) VALUES (40,  7);
INSERT INTO studentcourses(student_id, course_id) VALUES (41,  9);
INSERT INTO studentcourses(student_id, course_id) VALUES (42,  9);
INSERT INTO studentcourses(student_id, course_id) VALUES (43,  9);
INSERT INTO studentcourses(student_id, course_id) VALUES (44, 10);
INSERT INTO studentcourses(student_id, course_id) VALUES (45,  5);
INSERT INTO studentcourses(student_id, course_id) VALUES (46,  5);
INSERT INTO studentcourses(student_id, course_id) VALUES (46,  4);
INSERT INTO studentcourses(student_id, course_id) VALUES (46,  6);
INSERT INTO studentcourses(student_id, course_id) VALUES (47,  5);
INSERT INTO studentcourses(student_id, course_id) VALUES (48,  1);
INSERT INTO studentcourses(student_id, course_id) VALUES (49, 10);
INSERT INTO studentcourses(student_id, course_id) VALUES (49,  3);
INSERT INTO studentcourses(student_id, course_id) VALUES (50,  3);
INSERT INTO studentcourses(student_id, course_id) VALUES (51,  7);
INSERT INTO studentcourses(student_id, course_id) VALUES (51,  3);
INSERT INTO studentcourses(student_id, course_id) VALUES (52,  7);
INSERT INTO studentcourses(student_id, course_id) VALUES (52,  1);
INSERT INTO studentcourses(student_id, course_id) VALUES (53,  4);
INSERT INTO studentcourses(student_id, course_id) VALUES (53,  2);
INSERT INTO studentcourses(student_id, course_id) VALUES (54, 10);
INSERT INTO studentcourses(student_id, course_id) VALUES (55,  4);
INSERT INTO studentcourses(student_id, course_id) VALUES (56,  7);
INSERT INTO studentcourses(student_id, course_id) VALUES (56, 10);
INSERT INTO studentcourses(student_id, course_id) VALUES (57,  1);
INSERT INTO studentcourses(student_id, course_id) VALUES (58,  4);
INSERT INTO studentcourses(student_id, course_id) VALUES (59,  3);
INSERT INTO studentcourses(student_id, course_id) VALUES (60,  8);
INSERT INTO studentcourses(student_id, course_id) VALUES (60,  2);
INSERT INTO studentcourses(student_id, course_id) VALUES (61,  9);
INSERT INTO studentcourses(student_id, course_id) VALUES (62,  2);
INSERT INTO studentcourses(student_id, course_id) VALUES (63,  8);
INSERT INTO studentcourses(student_id, course_id) VALUES (64,  6);
INSERT INTO studentcourses(student_id, course_id) VALUES (64,  2);
INSERT INTO studentcourses(student_id, course_id) VALUES (65,  9);
INSERT INTO studentcourses(student_id, course_id) VALUES (66,  6);
INSERT INTO studentcourses(student_id, course_id) VALUES (67, 10);
INSERT INTO studentcourses(student_id, course_id) VALUES (68,  3);
INSERT INTO studentcourses(student_id, course_id) VALUES (68,  6);
INSERT INTO studentcourses(student_id, course_id) VALUES (69,  7);
INSERT INTO studentcourses(student_id, course_id) VALUES (70,  7);
INSERT INTO studentcourses(student_id, course_id) VALUES (70, 10);
INSERT INTO studentcourses(student_id, course_id) VALUES (70,  1);
INSERT INTO studentcourses(student_id, course_id) VALUES (71,  6);
INSERT INTO studentcourses(student_id, course_id) VALUES (71,  7);
INSERT INTO studentcourses(student_id, course_id) VALUES (72,  5);
INSERT INTO studentcourses(student_id, course_id) VALUES (73,  8);
INSERT INTO studentcourses(student_id, course_id) VALUES (74,  9);
INSERT INTO studentcourses(student_id, course_id) VALUES (75,  6);
INSERT INTO studentcourses(student_id, course_id) VALUES (76,  9);
INSERT INTO studentcourses(student_id, course_id) VALUES (77,  1);
INSERT INTO studentcourses(student_id, course_id) VALUES (78,  8);
INSERT INTO studentcourses(student_id, course_id) VALUES (79,  4);
INSERT INTO studentcourses(student_id, course_id) VALUES (79,  7);
INSERT INTO studentcourses(student_id, course_id) VALUES (80,  4);
INSERT INTO studentcourses(student_id, course_id) VALUES (80,  1);
INSERT INTO studentcourses(student_id, course_id) VALUES (81, 10);
INSERT INTO studentcourses(student_id, course_id) VALUES (82,  6);
INSERT INTO studentcourses(student_id, course_id) VALUES (83, 10);
INSERT INTO studentcourses(student_id, course_id) VALUES (83,  3);
INSERT INTO studentcourses(student_id, course_id) VALUES (84,  6);
INSERT INTO studentcourses(student_id, course_id) VALUES (85,  4);
INSERT INTO studentcourses(student_id, course_id) VALUES (86,  9);
INSERT INTO studentcourses(student_id, course_id) VALUES (86,  8);
INSERT INTO studentcourses(student_id, course_id) VALUES (87,  5);
INSERT INTO studentcourses(student_id, course_id) VALUES (87,  4);
INSERT INTO studentcourses(student_id, course_id) VALUES (88, 10);
INSERT INTO studentcourses(student_id, course_id) VALUES (88,  3);
INSERT INTO studentcourses(student_id, course_id) VALUES (89,  7);
INSERT INTO studentcourses(student_id, course_id) VALUES (90,  8);
INSERT INTO studentcourses(student_id, course_id) VALUES (91,  1);
INSERT INTO studentcourses(student_id, course_id) VALUES (92,  3);
INSERT INTO studentcourses(student_id, course_id) VALUES (93,  7);
INSERT INTO studentcourses(student_id, course_id) VALUES (94,  9);
INSERT INTO studentcourses(student_id, course_id) VALUES (95,  9);
INSERT INTO studentcourses(student_id, course_id) VALUES (96,  6);
INSERT INTO studentcourses(student_id, course_id) VALUES (97,  4);
INSERT INTO studentcourses(student_id, course_id) VALUES (98,  4);
INSERT INTO studentcourses(student_id, course_id) VALUES (98,  6);
INSERT INTO studentcourses(student_id, course_id) VALUES (98,  9);
INSERT INTO studentcourses(student_id, course_id) VALUES (99,  5);
INSERT INTO studentcourses(student_id, course_id) VALUES (99,  1);
INSERT INTO studentcourses(student_id, course_id) VALUES (100,  2);
INSERT INTO studentcourses(student_id, course_id) VALUES (101,  4);
INSERT INTO studentcourses(student_id, course_id) VALUES (102,  2);
INSERT INTO studentcourses(student_id, course_id) VALUES (103,  4);
INSERT INTO studentcourses(student_id, course_id) VALUES (103, 10);
INSERT INTO studentcourses(student_id, course_id) VALUES (103,  7);
INSERT INTO studentcourses(student_id, course_id) VALUES (104,  6);
INSERT INTO studentcourses(student_id, course_id) VALUES (104,  1);
INSERT INTO studentcourses(student_id, course_id) VALUES (104,  4);
INSERT INTO studentcourses(student_id, course_id) VALUES (105,  7);
INSERT INTO studentcourses(student_id, course_id) VALUES (105,  8);
INSERT INTO studentcourses(student_id, course_id) VALUES (105,  2);
INSERT INTO studentcourses(student_id, course_id) VALUES (106, 10);
INSERT INTO studentcourses(student_id, course_id) VALUES (107, 10);
INSERT INTO studentcourses(student_id, course_id) VALUES (108,  4);
INSERT INTO studentcourses(student_id, course_id) VALUES (109,  6);
INSERT INTO studentcourses(student_id, course_id) VALUES (109,  3);
INSERT INTO studentcourses(student_id, course_id) VALUES (110, 10);
INSERT INTO studentcourses(student_id, course_id) VALUES (110,  8);
INSERT INTO studentcourses(student_id, course_id) VALUES (110,  5);
INSERT INTO studentcourses(student_id, course_id) VALUES (111,  9);
INSERT INTO studentcourses(student_id, course_id) VALUES (112,  5);
INSERT INTO studentcourses(student_id, course_id) VALUES (113,  8);
INSERT INTO studentcourses(student_id, course_id) VALUES (114,  9);
INSERT INTO studentcourses(student_id, course_id) VALUES (114, 10);
INSERT INTO studentcourses(student_id, course_id) VALUES (115,  5);
INSERT INTO studentcourses(student_id, course_id) VALUES (116,  1);
INSERT INTO studentcourses(student_id, course_id) VALUES (116,  2);
INSERT INTO studentcourses(student_id, course_id) VALUES (117,  1);
INSERT INTO studentcourses(student_id, course_id) VALUES (118,  7);
INSERT INTO studentcourses(student_id, course_id) VALUES (119,  5);
INSERT INTO studentcourses(student_id, course_id) VALUES (119,  6);
INSERT INTO studentcourses(student_id, course_id) VALUES (120,  9);
INSERT INTO studentcourses(student_id, course_id) VALUES (121,  1);
INSERT INTO studentcourses(student_id, course_id) VALUES (121,  2);
INSERT INTO studentcourses(student_id, course_id) VALUES (121,  3);
INSERT INTO studentcourses(student_id, course_id) VALUES (122,  2);
INSERT INTO studentcourses(student_id, course_id) VALUES (122,  3);
INSERT INTO studentcourses(student_id, course_id) VALUES (123,  5);
INSERT INTO studentcourses(student_id, course_id) VALUES (124,  3);
INSERT INTO studentcourses(student_id, course_id) VALUES (125,  6);
INSERT INTO studentcourses(student_id, course_id) VALUES (126,  1);
INSERT INTO studentcourses(student_id, course_id) VALUES (127,  4);
INSERT INTO studentcourses(student_id, course_id) VALUES (127,  3);
INSERT INTO studentcourses(student_id, course_id) VALUES (127,  8);
INSERT INTO studentcourses(student_id, course_id) VALUES (128,  1);
INSERT INTO studentcourses(student_id, course_id) VALUES (129,  9);
INSERT INTO studentcourses(student_id, course_id) VALUES (129,  2);
INSERT INTO studentcourses(student_id, course_id) VALUES (130, 10);
INSERT INTO studentcourses(student_id, course_id) VALUES (131,  7);
INSERT INTO studentcourses(student_id, course_id) VALUES (132,  8);
INSERT INTO studentcourses(student_id, course_id) VALUES (133,  5);
INSERT INTO studentcourses(student_id, course_id) VALUES (133,  3);
INSERT INTO studentcourses(student_id, course_id) VALUES (134,  8);
INSERT INTO studentcourses(student_id, course_id) VALUES (135, 10);
INSERT INTO studentcourses(student_id, course_id) VALUES (135,  7);
INSERT INTO studentcourses(student_id, course_id) VALUES (136,  3);
INSERT INTO studentcourses(student_id, course_id) VALUES (137, 10);
INSERT INTO studentcourses(student_id, course_id) VALUES (137,  8);
INSERT INTO studentcourses(student_id, course_id) VALUES (138,  2);
INSERT INTO studentcourses(student_id, course_id) VALUES (138,  5);
INSERT INTO studentcourses(student_id, course_id) VALUES (139, 10);
INSERT INTO studentcourses(student_id, course_id) VALUES (140,  7);
INSERT INTO studentcourses(student_id, course_id) VALUES (140,  6);
INSERT INTO studentcourses(student_id, course_id) VALUES (140,  2);
INSERT INTO studentcourses(student_id, course_id) VALUES (141,  7);
INSERT INTO studentcourses(student_id, course_id) VALUES (142,  6);
INSERT INTO studentcourses(student_id, course_id) VALUES (142,  8);
INSERT INTO studentcourses(student_id, course_id) VALUES (143,  4);
INSERT INTO studentcourses(student_id, course_id) VALUES (144,  4);
INSERT INTO studentcourses(student_id, course_id) VALUES (145,  4);
INSERT INTO studentcourses(student_id, course_id) VALUES (146,  8);
INSERT INTO studentcourses(student_id, course_id) VALUES (147,  8);
INSERT INTO studentcourses(student_id, course_id) VALUES (147, 10);
INSERT INTO studentcourses(student_id, course_id) VALUES (148,  8);
INSERT INTO studentcourses(student_id, course_id) VALUES (149,  5);
INSERT INTO studentcourses(student_id, course_id) VALUES (149,  3);
INSERT INTO studentcourses(student_id, course_id) VALUES (150,  6);
INSERT INTO studentcourses(student_id, course_id) VALUES (150,  7);
INSERT INTO studentcourses(student_id, course_id) VALUES (151,  2);
INSERT INTO studentcourses(student_id, course_id) VALUES (151,  8);
INSERT INTO studentcourses(student_id, course_id) VALUES (151,  5);
INSERT INTO studentcourses(student_id, course_id) VALUES (152,  2);
INSERT INTO studentcourses(student_id, course_id) VALUES (152,  3);
INSERT INTO studentcourses(student_id, course_id) VALUES (152,  5);
INSERT INTO studentcourses(student_id, course_id) VALUES (153,  7);
INSERT INTO studentcourses(student_id, course_id) VALUES (154,  3);
INSERT INTO studentcourses(student_id, course_id) VALUES (154,  1);
INSERT INTO studentcourses(student_id, course_id) VALUES (155,  5);
INSERT INTO studentcourses(student_id, course_id) VALUES (156,  2);
INSERT INTO studentcourses(student_id, course_id) VALUES (157,  9);
INSERT INTO studentcourses(student_id, course_id) VALUES (157,  8);
INSERT INTO studentcourses(student_id, course_id) VALUES (158,  7);
INSERT INTO studentcourses(student_id, course_id) VALUES (158, 10);
INSERT INTO studentcourses(student_id, course_id) VALUES (159,  9);
INSERT INTO studentcourses(student_id, course_id) VALUES (159,  1);
INSERT INTO studentcourses(student_id, course_id) VALUES (160,  8);
INSERT INTO studentcourses(student_id, course_id) VALUES (161,  3);
INSERT INTO studentcourses(student_id, course_id) VALUES (161,  7);
INSERT INTO studentcourses(student_id, course_id) VALUES (162,  9);
INSERT INTO studentcourses(student_id, course_id) VALUES (162, 10);
INSERT INTO studentcourses(student_id, course_id) VALUES (162,  6);
INSERT INTO studentcourses(student_id, course_id) VALUES (163,  7);
INSERT INTO studentcourses(student_id, course_id) VALUES (164,  2);
INSERT INTO studentcourses(student_id, course_id) VALUES (164, 10);
INSERT INTO studentcourses(student_id, course_id) VALUES (164,  1);
INSERT INTO studentcourses(student_id, course_id) VALUES (165,  5);
INSERT INTO studentcourses(student_id, course_id) VALUES (165,  9);
INSERT INTO studentcourses(student_id, course_id) VALUES (165, 10);
INSERT INTO studentcourses(student_id, course_id) VALUES (166,  4);
INSERT INTO studentcourses(student_id, course_id) VALUES (167, 10);
INSERT INTO studentcourses(student_id, course_id) VALUES (168,  2);
INSERT INTO studentcourses(student_id, course_id) VALUES (168,  7);
INSERT INTO studentcourses(student_id, course_id) VALUES (169,  8);
INSERT INTO studentcourses(student_id, course_id) VALUES (170,  8);
INSERT INTO studentcourses(student_id, course_id) VALUES (171,  2);
INSERT INTO studentcourses(student_id, course_id) VALUES (171,  4);
INSERT INTO studentcourses(student_id, course_id) VALUES (172,  9);
INSERT INTO studentcourses(student_id, course_id) VALUES (173, 10);
INSERT INTO studentcourses(student_id, course_id) VALUES (173,  9);
INSERT INTO studentcourses(student_id, course_id) VALUES (173,  8);
INSERT INTO studentcourses(student_id, course_id) VALUES (174,  9);
INSERT INTO studentcourses(student_id, course_id) VALUES (175,  3);
INSERT INTO studentcourses(student_id, course_id) VALUES (175,  8);
INSERT INTO studentcourses(student_id, course_id) VALUES (176, 10);
INSERT INTO studentcourses(student_id, course_id) VALUES (176,  5);
INSERT INTO studentcourses(student_id, course_id) VALUES (177,  9);
INSERT INTO studentcourses(student_id, course_id) VALUES (178,  9);
INSERT INTO studentcourses(student_id, course_id) VALUES (179,  8);
INSERT INTO studentcourses(student_id, course_id) VALUES (179, 10);
INSERT INTO studentcourses(student_id, course_id) VALUES (180,  3);
INSERT INTO studentcourses(student_id, course_id) VALUES (181,  5);
INSERT INTO studentcourses(student_id, course_id) VALUES (182,  9);
INSERT INTO studentcourses(student_id, course_id) VALUES (183,  4);
INSERT INTO studentcourses(student_id, course_id) VALUES (184,  1);
INSERT INTO studentcourses(student_id, course_id) VALUES (184,  8);
INSERT INTO studentcourses(student_id, course_id) VALUES (185,  9);
INSERT INTO studentcourses(student_id, course_id) VALUES (185,  8);
INSERT INTO studentcourses(student_id, course_id) VALUES (186,  9);
INSERT INTO studentcourses(student_id, course_id) VALUES (187,  7);
INSERT INTO studentcourses(student_id, course_id) VALUES (187,  4);
INSERT INTO studentcourses(student_id, course_id) VALUES (188,  8);
INSERT INTO studentcourses(student_id, course_id) VALUES (188,  3);
INSERT INTO studentcourses(student_id, course_id) VALUES (189,  3);
INSERT INTO studentcourses(student_id, course_id) VALUES (190,  6);
INSERT INTO studentcourses(student_id, course_id) VALUES (190,  5);
INSERT INTO studentcourses(student_id, course_id) VALUES (191,  3);
INSERT INTO studentcourses(student_id, course_id) VALUES (191,  7);
INSERT INTO studentcourses(student_id, course_id) VALUES (192,  9);
INSERT INTO studentcourses(student_id, course_id) VALUES (192,  4);
INSERT INTO studentcourses(student_id, course_id) VALUES (192,  1);
INSERT INTO studentcourses(student_id, course_id) VALUES (193,  8);
INSERT INTO studentcourses(student_id, course_id) VALUES (193,  7);
INSERT INTO studentcourses(student_id, course_id) VALUES (194,  8);
INSERT INTO studentcourses(student_id, course_id) VALUES (195, 10);
INSERT INTO studentcourses(student_id, course_id) VALUES (195,  4);
INSERT INTO studentcourses(student_id, course_id) VALUES (196,  5);
INSERT INTO studentcourses(student_id, course_id) VALUES (196,  1);
INSERT INTO studentcourses(student_id, course_id) VALUES (197, 10);
INSERT INTO studentcourses(student_id, course_id) VALUES (198,  7);
INSERT INTO studentcourses(student_id, course_id) VALUES (198,  9);
INSERT INTO studentcourses(student_id, course_id) VALUES (199,  6);
INSERT INTO studentcourses(student_id, course_id) VALUES (199,  7);
INSERT INTO studentcourses(student_id, course_id) VALUES (200,  6);
INSERT INTO studentcourses(student_id, course_id) VALUES (200,  2);
